id,title,sponsor_extracted,confidence,method
"0966c765-d7d0-4072-b969-c943e178aa87","The County Oversight And Accountability Bill,no.3 Of 2024","","STUB","STUB_PDF_279chars"
"e232dc00-e153-431a-8c57-3e013c96b119","Committal Of A Bill - Law Of Succession ( Amendment ) Bill, 2023","","STUB","STUB_PDF_112chars"
"af3a9196-b632-4bd4-88bc-3118e5c7c637","The Sexual Offences (amendment) , Bill ,2023","","STUB","STUB_PDF_207chars"
"7f52df46-5e32-4509-ad7a-09e7ba8071ff","The Privatisation Bill, 2023","","NOT_FOUND","NOT_FOUND"
"bdec0722-4cc6-4fc4-96ad-4034b5839430","The Public Finance Management (amendment) Bill, 2023","","NOT_FOUND","NOT_FOUND"
"71027f33-0d9b-4148-ad53-efe2faaf4d55","The Public Procurement & Asset Disposal (amendment) Bill (national Assembly Bills No. 48 Of 2024)","Clerk of the National Assembly","HIGH","DEEPSEEK"
"76b1084a-7ab3-459e-a18e-4f773ba6f9d4","The Statutory Instruments(amendment) Bill, 2024","","STUB","STUB_PDF_207chars"
"ef08c2fc-ed09-4dc7-b0c1-d0bc5d4cba75","The Public Finance Management (amendment) (no.3) Bill, 2024 (national Assembly Bills No. 44)","","STUB","STUB_PDF_128chars"
"96ef0ddf-934d-4bcb-af2c-208ab611c09f","The Public Finance Management (amendment) ( No.3) Bill ( National Assembly Bills No. 44 Of 2024)","","STUB","STUB_PDF_128chars"
"fde40e1c-8c80-4e35-b0af-deb926180c89","The Power Of Mercy Bill,2025","","NOT_FOUND","NOT_FOUND"
"01d0c66e-6f03-4e34-b8b3-b0d753aa1340","The Higher Education Loans Board(amendment) Bill ,2022","","STUB","STUB_PDF_128chars"
"75f9f99e-a3af-4fe3-a356-536810e18e0d","The Division Of Revenue Bill ( National Assembly Bills No.10 Of 2025)","","STUB","STUB_PDF_279chars"
"c7b51a11-59d5-4d2e-b3ab-f38baab620e8","Order Paper For Thursday, 26th February 2026","The Chairperson, Decentralized Funds Accounts Committee","HIGH","DEEPSEEK"
"e92b6163-376a-4972-a5ea-7084197b3a16","The Treaty Making And Ratification (amendment) Bill, 2024","","STUB","STUB_PDF_128chars"
"22ad466e-4b5a-482f-a786-2cc2a3840c49","The Culture Bill, (national Assembly Bill No.12 Of 2024)","","NOT_FOUND","NOT_FOUND"
"1f75cd55-963a-4c02-908d-6b0713d0d64e","The Kenya National Council For Population And Development Bill, (national Assembly Bill No.72 Of 2023)","","NOT_FOUND","NOT_FOUND"
"15816189-a05e-478c-9f52-3d3f7a5b96cf","The County Governments Additional Allocation Bill (national Assembly Bill No.2 Of 2025)","","NOT_FOUND","NOT_FOUND"
"b9b23955-4357-4ac8-a98f-fc710fe23117","The Electronic Equipment Disposal Recycling And Reuse Bill, No.5 Of 2025","","STUB","STUB_PDF_243chars"
"bbf29e0f-d270-4a8e-a798-d09cac42cde5","The Appropriation Bill, 2023","","NOT_FOUND","NOT_FOUND"
"dd4c9fc1-2328-4119-9c1e-9b5981c2db13","The Assisted Reproductive Technology Bill (national Assembly Bills No. 61 Of 2022)","","NOT_FOUND","NOT_FOUND"
"4abaf01c-5280-4a79-89ce-8637f72e1fa7","The Tax Laws (amendment) Bil, 2024 (national Assembly Bills No. 47)","","NOT_FOUND","NOT_FOUND"
"8f45c796-f03f-49b7-8c21-980ad70c6fae","The Digital Health Bill, 2023 (national Assembly No. 57) Of 2023","","NOT_FOUND","NOT_FOUND"
"643c1b2b-1be8-439b-b2f5-3be4cf549abd","Political Parties (amendment) Bill, 2022","","STUB","STUB_PDF_96chars"
"f59effc9-824a-42b7-8120-2b555f1d5129","Supplementary Appropriation Bill 2024","","NOT_FOUND","NOT_FOUND"
"45762970-a4ed-49a5-96b2-465e1c9f4a57","Equalisation Fund Bill, 2022","","NOT_FOUND","NOT_FOUND"
"d48c611b-6492-4ed5-8bc2-d3c7f5ea884c","The Tax Procedures (amendment) (no. 2) Bill, 2024 (national Assembly Bills No. 46)","","STUB","STUB_PDF_279chars"
"a9670181-3df5-4d79-a157-2349c8fd8318","Supplementary Order Paper For Tuesday, 24th February 2026","The Chairperson, Budget and Appropriations Committee","HIGH","DEEPSEEK"
"7ac9b5db-6b15-43e4-900e-41ce8985d36f","The Vocational Training Bill, Senate Bill No. 3 Of 2022","","NOT_FOUND","NOT_FOUND"
"1c11dad6-2e20-4f39-abbe-7061b5744d61","The Water (amendment) Bill , 2023","","NOT_FOUND","NOT_FOUND"
"76681915-360f-432f-bf3c-67ddc60c03ff","The Penal Code(amendment) Bill,2026","","NOT_FOUND","NOT_FOUND"
"dc2b7d92-7618-4c89-b520-81b67e4d11d8","Order Paper For Thursday, 12th February 2026","The Hon. Njeri Maina, M.P.","HIGH","DEEPSEEK"
"1497c6c1-6508-47bc-8eb7-f8a1322ffccc","Pensions (amendment) Bill, 2022","","STUB","STUB_PDF_128chars"
"41b3e07e-78cc-4c71-935b-7598f3e8ba4c","The Anti-money Laundering And Combating Of Terrorism Financing Laws (amendment) Bill, 2023","","NOT_FOUND","NOT_FOUND"
"60ebe1e6-3a1a-4dfe-a8e4-005228392144","The National Anthem Copyright Laws ( Amendment) Bill, 2023","WILLIAM CHEPTUMO, Chairperson, Senate Standing Committee on National Security, Defence and Foreign Relations.","HIGH","DEEPSEEK"
"dc5af555-6d75-4e66-b6e9-a1819aa6cf4a","The Public Service Internship Bill, 2022","","STUB","STUB_PDF_207chars"
"1b1ed101-c8ff-42e1-8b7b-03f38cbf1dfa","The Public Procurement And Asset Disposal (amendment) Bill, 2022","","STUB","STUB_PDF_128chars"
"8968f536-c5b7-4b20-bc43-35176a434105","The National Rating Bill, 2022","","NOT_FOUND","NOT_FOUND"
"eaa1989b-fb09-4c23-b91c-716627a88af8","The Meteorology Bill,2023","","NOT_FOUND","NOT_FOUND"
"2151df62-d239-4f6c-b9cf-c2e965b84eac","The Division Of Revenue Bill, 2026","","NOT_FOUND","NOT_FOUND"
"4f35cf99-57a9-47b2-940f-da70b7c9ab2c","Public Finance Management (amendment) Bill, 2022","","STUB","STUB_PDF_96chars"
"0d16560b-a343-45d9-8448-8262ccf530bd","The Penal Code (amendment) Bill, 2022","","STUB","STUB_PDF_128chars"
"6aa38bc8-3c23-4ff6-b20c-e40048c1ebf8","The Government Owned Enterprises Bill, 2025","","NOT_FOUND","NOT_FOUND"
"ab946f03-4d97-4c4d-b309-8f09c8a1ecdc","The Kenyan Sign Language Bill2023 Senate Bill No9 Of 2023","","STUB","STUB_PDF_243chars"
"e10ad3f1-0a71-40f0-9c4e-0eec89c542bc","The Supplementary Appropriation Bill, 2023","","NOT_FOUND","NOT_FOUND"
"640e17e7-1b0e-4e96-897c-6ade1c7f3c56","The County Wards ( Equitable Development) Bill, 2024","KARUNGO THANGWA, Senate.","HIGH","DEEPSEEK"
"a23d93fc-f471-4ac3-9533-ce43b5d98ac0","Geriatrics Bill, 2022","","NOT_FOUND","NOT_FOUND"
"359b454e-1255-4970-acd3-ac5ac91cfdab","The Autism Management Bill, No.19 Of 2025","KAREN NYAMU, Senator.","HIGH","DEEPSEEK"
"c07a7241-a183-4d8b-8644-2aabfaad50f6","The Economic And Social Rights Bill Senate Bill No. 7 Of 2022","","NOT_FOUND","NOT_FOUND"
"67cb6984-233a-4030-b95c-250b37b42570","The Division Of Revenue Bill, 2023","","NOT_FOUND","NOT_FOUND"
"45476321-c6c8-4bca-a008-bf09f5643ed1","The Maternal, Newborn And Child Health Bill (senate Bill No. 17 Of 2023)","","NOT_FOUND","NOT_FOUND"
"85f20653-47b2-48dc-aae9-5a90e43fcac0","The Higher Education Loans Board (amendment) Bill, 2023","","STUB","STUB_PDF_207chars"
"fd027159-b2af-4524-a38b-a7cda5a2cf05","Environmental Management And Co-ordination (amendment) Bill, 2023","","STUB","STUB_PDF_96chars"
"056f32e0-16e9-4889-b8eb-43bc855e1501","The Equalization Fund Appropriation No.2 Bill Senate Bill No30 Of 2023","","NOT_FOUND","NOT_FOUND"
"3566ebf7-ccd6-4e18-9daa-6236fc680d2a","The Creative Economy Support Bill, No.30 Of 2024","EDDY GICHERU OKETCH, Senator.","HIGH","DEEPSEEK"
"209cd6c5-7d64-4698-8cae-1cdd2b88ffb4","The Land Control Bill, 2023","","NOT_FOUND","NOT_FOUND"
"77c4cad2-022d-4f7d-9d81-2ed5f0143c27","The Competition (amendment) Bill, 2026","","NOT_FOUND","NOT_FOUND"
"01d865c7-1257-44b7-a5df-c6c132a4908f","The Agricultural And Livestock Extention Services Bill 2022 Senate Bill No12 Of 2022","","NOT_FOUND","NOT_FOUND"
"44d335f7-438c-41bf-9a0c-6df29c8802cd","Senate Bill No6 On The Natural Resources Benefit Sharing Bill 2022","","NOT_FOUND","NOT_FOUND"
"dd6586c9-35e2-4c8f-9e3c-3e6db2b0f0a4","Senate Bill No5 Of 2023 On The Cotton Industry Development Bill 2023","","NOT_FOUND","NOT_FOUND"
"1aab469f-2d7b-4df7-ada7-cce891d13bb2","Gold Processing Bill, 2023","","NOT_FOUND","NOT_FOUND"
"05299033-e0c3-4132-81fb-07d2a2b625fb","The Care & Protection Of Child Parents Bill, 2023","MIRAJ ABDILLAHI ABDULRAHMAN, Senator.","HIGH","DEEPSEEK"
"220907b6-9c05-4bf4-a4a7-6a4f504d12a4","The Fire And Rescue Services Professionals Bill (senate Bill No. 55 Of 2023)","","NOT_FOUND","NOT_FOUND"
"0fb862b6-681d-4f7f-9a71-c1afb7840e01","Tibunals Bill, 2023","","NOT_FOUND","NOT_FOUND"
"73e3cb9a-780f-4bdc-b506-8f8087499e67","The Prisons (amendment) Bill, 2023 (national Assembly Bills No. 54) Of 2023","","STUB","STUB_PDF_128chars"
"75dd3b72-e939-4b75-a33b-6da24fe05e04","The Preservation Of Public Security (amendment0 Bill, 2023 (national Assembly Bills No. 48) Of 2023","","STUB","STUB_PDF_128chars"
"85fcd997-aa01-4d5d-8bb8-b701e22989b8","The Persons With Dissabilities Bill 2023 Senate Bill No7 Of 2023","","NOT_FOUND","NOT_FOUND"
"602aa714-97f6-4a8d-83a9-391f1c47de13","07.11.2023 - Report Of Health On Winnowing Of Kda Bill","","NOT_FOUND","NOT_FOUND"
"58b9cd05-3ea2-4779-88bd-049a2dbd4519","The Preservation Of Human Dignity And Enforcement Of Economic And Social Rights Bill, 2022","DANSON BUYA MUNGATANA, Senator.","HIGH","DEEPSEEK"
"ffd2148a-1b5f-406a-9f3d-17554acf49d1","The Intergovernmental Relations (amendment) Bill (senate Bill No. 12 Of 2024)","","NOT_FOUND","NOT_FOUND"
"b387ca3b-566c-4d7f-b0e0-d55ceec212c7","Statute Law (miscellaneous Amendments) Bill, 2023-1","","NOT_FOUND","NOT_FOUND"
"a738dfcd-8ada-4551-b4c8-75483830fc5f","The Culture Bill , 2024","","NOT_FOUND","NOT_FOUND"
"c76ef31f-74e1-452a-969d-8fd39bfcf3c4","The Public Finance Management (amendment) Bill (senate Bill No. 40 Of 2023)","","STUB","STUB_PDF_128chars"
"79d7e094-502c-4e83-bdf7-a8da53068367","Supplementary Appropriation (no.3) Bill, 2023","","NOT_FOUND","NOT_FOUND"
"7a3a5c14-0f16-4e0e-ada4-3973cb89104d","The Equalisation Fund (administration) Bill (senate Bill No. 14 Of 2023)-1","","NOT_FOUND","NOT_FOUND"
"219f263d-e760-42c3-8466-0e1810c78e88","The Pension (amendment) Bill, 2024","","STUB","STUB_PDF_128chars"
"98402cf9-8f49-4215-bd55-20ae2beab565","The Water (amendment) Bill, National Assembly Bills No. 33 Of 2023","","NOT_FOUND","NOT_FOUND"
"540390a5-7f33-462e-b220-f4cbb3324342","The Prevention Of Livestock And Produce Theft Bill (senate Bill No. 12 Of 2023)","","NOT_FOUND","NOT_FOUND"
"a87d17b6-f703-4bfe-b1e6-57c6333a4c22","The County Governments Additional Allocations Bill,2025.","","NOT_FOUND","NOT_FOUND"
"9f3af582-a7cd-453e-8063-ce5e625dcc37","The Kenya Roads(amendment Bill,2024","","STUB","STUB_PDF_279chars"
"58b5e084-a50d-431c-b5c4-cf72c07551ec","The County Governments ( Revenue Raising Process) Bill, 2023","AARON CHERUIYOT, Majority Leader.","HIGH","DEEPSEEK"
"74eabff8-5bfe-4f21-971d-8f1412c8c195","Affordable Housing Bill, 2023.","","NOT_FOUND","NOT_FOUND"
"30c99a64-8baf-4eb0-a287-5de156b31336","The Appropriation Bill, 2024","","NOT_FOUND","NOT_FOUND"
"7fae2813-37b2-4b81-92c0-5b043aeddfff","The County Allocation Of Revenue Bill (senate Bill No. 25 Of 2024)","","STUB","STUB_PDF_207chars"
"bcb6c194-8095-4de3-857d-e15eb12bf572","The Penal Code (amendment) Bill, 2024 (national Assembly Bills No. 53)","","STUB","STUB_PDF_128chars"
"acdd2434-8e64-4563-9554-743f3290eb94","The Division Of Revenue (amendment) Bill, 2024","","STUB","STUB_PDF_128chars"
"27aa34d0-dfe6-4657-921d-80583cccb7b2","The Assumption Of The Office Of President And Transition Of Executive Authority Bill, 2025","","NOT_FOUND","NOT_FOUND"
"ef763a66-b47a-492d-b28a-c3f902bba38c","The Basic Education (amendment) Bill,2025","","NOT_FOUND","NOT_FOUND"
"73ebb5b7-8ce5-415c-9990-415346dda438","The Pyrethrum (repeal) Bill,2024","","STUB","STUB_PDF_64chars"
"3b24051e-9d55-492a-833b-81c4ac5cda42","The Hansard - Wednesday, 11 February 2026 - Morning Sitting","Hon. George Gachagua","HIGH","DEEPSEEK"
"b2d53cdd-c70d-403d-9e73-f9309d767de9","The Supplementary Appropriation Bill,2025","","NOT_FOUND","NOT_FOUND"
"f61a8670-7ae8-47e8-8cc9-7367b558da8e","The Computer Misuse And Cybercrime (amendment) Bill,2024","","STUB","STUB_PDF_279chars"
"4427139d-345c-4c7e-b1e2-ca3d8ad2c989","The Division Of Revenue Bill,2025","","NOT_FOUND","NOT_FOUND"
"9031743d-f29e-451f-bc00-0415d374633f","The Excise Duty (amendment) Bill,2025","","STUB","STUB_PDF_64chars"
"f6cd5abe-504f-4fcf-bc24-7b251998bbf5","The Whistleblower Protection Bill, 2023 (national Assembly Bills No. 56)","","NOT_FOUND","NOT_FOUND"
"c6d17216-b97e-42a5-a233-787583b3bd33","Bill Digest - Kenya Health Products And Technologies Regulatory Authority Bill, 2022 (1)","Hon. Robert Pukose, MP","HIGH","DEEPSEEK"
"73a7abe6-d41a-4f49-8f85-927be14e82aa","The Social Protection Bill,2025","","NOT_FOUND","NOT_FOUND"
"0405cf27-4ef2-4e67-8e00-f48cc82a085b","The Elections Offences (amendment) (no.2) Bill 2024","","STUB","STUB_PDF_64chars"
"c49824ed-ed1b-4bf8-9755-d07915e745b6","The Registration Of Persons (amendment) Bill,2025","","STUB","STUB_PDF_128chars"
"ffad1704-de7d-4966-866d-a007de33a7af","The Kenya Roads (amendment)(no.2) Bill, 2025","","STUB","STUB_PDF_96chars"
"5541e242-bc40-4a85-a467-5e214e61f173","Supplementary Order Paper For Tuesday, 3rd March 2026","The Leader of the Majority Party","HIGH","DEEPSEEK"
"fb491e23-bf07-4798-be68-d23ba4ae77e4","The Provisional Collection Of Taxes And Duties (repeal) Bill, 2025.","","STUB","STUB_PDF_64chars"
"32bfdda6-6fb0-4cd2-ab03-424096bd0b40","The Crops (amendment) Bill, 2025","","STUB","STUB_PDF_128chars"
"60353207-b220-483f-a205-30daf2f61d39","Supplementary Order Paper For Wednesday, 25th Feb 2026- Afternoon Sitting","The Chairperson, Departmental Committee on Defence, Intelligence and Foreign Relations","HIGH","DEEPSEEK"
"92787368-bbdf-47ed-a8fc-c035520115ab","The Elections Offences ( Amendment ) Bill, No.9 Of 2024","AARON CHERUIYOT, Senate Majority Leader.","HIGH","DEEPSEEK"
"ea13db81-2bb2-4807-a305-b645512bb210","The Elections ( Amendment ) Bill, No.11 Of 2024","AARON CHERUIYOT,
Senate Majority Leader.","HIGH","DEEPSEEK"
"e7bb02c2-bb84-4d5e-a032-450279881ce3","The Equalisation Fund Appropriation Bill,2025","","STUB","STUB_PDF_279chars"
"f355e76d-4b60-4233-ba64-382782869e5c","The Appropriation Bill,2025","","NOT_FOUND","NOT_FOUND"
"e67c5ba2-da7a-48fc-9455-e4e444eebd0b","The Livestock Protection And Sustainability Bill, No.32 Of 2024","LELEGWE LTUMBESI, Senator","HIGH","DEEPSEEK"
"880ec854-00cc-484d-ae25-404ed5d48d00","Comb The Statute Laws Misc.(amendment) Bill, 2023","AARON CHERUIYOT, Senate Majority Leader.","HIGH","DEEPSEEK"
"e29bc3de-e251-483b-b18c-5c7701ec553b","The Constitution Of Kenya (amendment) Bill, 2025 (national Assembly Bills No. 29).","","STUB","STUB_PDF_128chars"
"e9b69b26-9e52-48be-8a08-ccaff5330867","The Advocates (amendment) Bill,2025","","STUB","STUB_PDF_128chars"
"ac155aa7-e932-4d90-aae0-fa50d280b0d2","The Sacco Societies (amendment) Bill,2025","","NOT_FOUND","NOT_FOUND"
"d53ae623-8c52-4ebe-94d8-785f6ebd34ed","The Kenya Medical Research Institute Bill,2025.","","NOT_FOUND","NOT_FOUND"
"c0393a32-d2b0-4d7f-8836-e2be576f943d","The Kenya Roads (amendment) Bill, 2025","","STUB","STUB_PDF_128chars"
"d41a8ac5-02f9-4509-a3a0-11eb9453e4b1","The Startup Bill, 2022","CRYSTAL KEGEHI ASIGE. Senator.","HIGH","DEEPSEEK"
"c0329b7f-9bc9-4540-9b25-e2360da7a4f4","The County Allocation Of Revenue Bill (senate Bill No. 9 Of 2025)","","STUB","STUB_PDF_171chars"
"eba2a1e7-6fb2-4571-a779-ebb826d20b02","The Kenya Roads (amendment) Bill, 2025 (national Assembly Bills No. 14)","","STUB","STUB_PDF_128chars"
"9f904166-5a23-4733-8bdf-aaa153607843","The County Assemblies Pensions Scheme (senate Bill No. 14 Of 2024)","","NOT_FOUND","NOT_FOUND"
"16f2766b-c4c6-42d2-8513-110f825109a1","The Konza Technopolis Bill, 2023","GLORIA ORWOBA, Senator.","HIGH","DEEPSEEK"
"ab7f3285-cd3b-4d68-824c-8a57110a1ab8","The Marriage (amendment) Bill,2023","","STUB","STUB_PDF_128chars"
"83d67340-bc80-4181-a597-bce4fe20138c","The Tobacco Control (amendment) Bill (senate Bill No. 35 Of 2024)","","NOT_FOUND","NOT_FOUND"
"e034a976-f790-4d76-b0a8-b374942bb19c","Order Paper For Wednesday, 25th Feb 2026- Afternoon Sitting","The Chairperson, Departmental Committee on Defence, Intelligence and Foreign Relations","HIGH","DEEPSEEK"
"7b69c89d-08bc-40bc-894a-ed303dae1bed","The Crops (amendment) Bill,2023","","STUB","STUB_PDF_207chars"
"642b51df-8543-4963-a969-04001f1df06a","The Agricultural And Livestock Extension Services Bill, 2022","MAUREEN TABITHA MUTINDA, Senator.","HIGH","DEEPSEEK"
"3ab9a89c-4040-4bef-bd3a-2a41726a18a1","The Criminal Procedure Code (amendment)bill,2025","","STUB","STUB_PDF_128chars"
"214e5672-98e4-4307-80d5-2a58c2c03270","The Mung Beans Bill, 2022","Enoch Kiio Wambua, Senator.","HIGH","DEEPSEEK"
"9549f401-47a4-4a18-bfb7-ad222ebd9764","The Community Health Workers Bill, 2022","","NOT_FOUND","NOT_FOUND"
"2e4e8ff1-9f96-4689-a27f-a48a961f0b48","The Medical Practitioners And Dentist (amendment) Bill,2026","","NOT_FOUND","NOT_FOUND"
"573acad5-31a8-4848-8ba7-28773dad8fa3","Order Paper For Tuesday, 24th February 2026","","NOT_FOUND","NOT_FOUND"
"dcf64124-3361-4bd3-a364-3030a49f022f","The E-health Bill, No. 32 Of 2023","HAMIDA KIBWANA, Senator.","HIGH","DEEPSEEK"
"42c50c08-e664-4672-8fed-67c2636b2691","The Wildlife Conservation And Management ( Amendment) Bill, No.49 Of 2023","LENKU OLE KANAR SEKI, Senator.","HIGH","DEEPSEEK"
"e68469fd-9371-4486-ba12-57aa381f4e30","The Quantity Surveyors Bill, 2026","","NOT_FOUND","NOT_FOUND"
"2d19fbc3-de1a-487f-a77f-495b68fde92d","The Equalization Fund Appropriation Bill, 2023","ALI ROBA, Chairperson, Committee on Finance and Budget.","HIGH","DEEPSEEK"
"8b213cb9-d3be-41ba-8b04-85157982e3ea","The Income Tax (amendment) Bill, 2026","","STUB","STUB_PDF_64chars"
"6827de9c-c2dc-4b8a-8e13-5da43328a377","The Statutory Instruments ( Amendment ) Bill, 2023","","STUB","STUB_PDF_128chars"
"fe637362-1d93-456b-99d7-768fdf86acb4","The County Assembly Services (amendment) Bill, No. 34 Of 2023","MOHAMED CHUTE, Senator.","HIGH","DEEPSEEK"
"1cf11ed8-a915-437a-baf1-69adc1c33198","The Energy (amendment) Bill,no.11 Of 2025","","STUB","STUB_PDF_80chars"
"62a39953-afd5-4bd2-a4f2-79847ef5f46c","The Public Service Internship Bill, 2022 (national Assembly Bills No.63 Of 2022)","","STUB","STUB_PDF_189chars"
"bba90c0f-e743-4804-a621-26ea0ea7f9a2","The Basic Education (amendment)bill,2023 (national Assembly Bills No.59 Of 2023)","","STUB","STUB_PDF_96chars"
"6b4a9a77-f168-474d-b02d-ef8d496e4c43","The National Rating Bill 2022.","The National Rating Bill, 2022","HIGH","DEEPSEEK"
"39ed3863-6670-401e-9cfb-5274b473b8f4","The Statutory Instruments ( Amendment) Bill, No.10 Of 2024","AARON CHERUIYOT, Senate Majority Leader.","HIGH","DEEPSEEK"
"7afd1a68-ed79-408f-9e50-02dfefc84d0f","The Hansard - Tuesday, 17 February 2026","","NOT_FOUND","NOT_FOUND"
"15b8ec1c-e765-4770-9813-a4ba9ae228f8","The Digital Literacy Opportunities Bill, No.8 Of 2024","KAREN NJERI NYAMU, Senator.","HIGH","DEEPSEEK"
"b43c6252-f950-41d5-a65b-c5c2642e7e8e","The Pest Control Products Bill, 2025","","NOT_FOUND","NOT_FOUND"
"39dd6b3a-1968-44c3-8342-f0a87b0f0ed6","Senate Bill No11 Of 2022 - The Employment Amendment Bill 2022","","STUB","STUB_PDF_96chars"
"6b269ac8-1324-47aa-b817-79c391204aaf","Order Paper For Thursday, 19th February 2026","The Chairperson, Budget & Appropriations Committee","HIGH","DEEPSEEK"
"9e85c21a-93df-4f7c-88a5-d6d0506651bb","The Sports (amendment) Bill, 2026","","STUB","STUB_PDF_171chars"
"c350bbd7-0fe4-4bfc-aa3c-c0ddc8b15c80","The National Cohesion And Integration Bill, 2023","","NOT_FOUND","NOT_FOUND"
"520d442a-e06e-4dbb-b15e-7f3add9f178b","Order Paper For Wednesday, 18th Feb 2026- Afternoon Sitting","The Chairperson, Departmental Committee on Regional Development","HIGH","DEEPSEEK"
"0ec2521a-6db8-4c78-896b-f988373b9020","The Strategic Goods Control Bill, 2026","","NOT_FOUND","NOT_FOUND"
"fbbf11e4-373d-4861-a2a8-cd314d70d349","The Value Added Tax (amendment) Bill, 2026","","STUB","STUB_PDF_64chars"
"83d18bc9-33ce-4ff4-a07e-7d68e9a30ef9","The National Infrastructure Fund Bill,2025","","NOT_FOUND","NOT_FOUND"
"35d237a9-fc9d-4a20-8e17-c5c0ff79848b","The County Governments Additional Allocations Bill, No.8 Of 2026","","NOT_FOUND","NOT_FOUND"
"0e0da6cf-5125-446b-a6b7-2c83e61781ee","The Certified Governance Secretaries Bill,2026","","NOT_FOUND","NOT_FOUND"
"c280a6c5-589a-437a-9e51-41776e7828a4","The Criminal Procedure Code (amendment) Bill,2026","","NOT_FOUND","NOT_FOUND"
"09822b1d-3ada-4fdf-9bf9-d31d730b44df","The Equalisation Fund Appropriation Bill,2025 (national Assembly Bills No.21 Of 2025)","","STUB","STUB_PDF_279chars"
"ef7528e5-2a9a-4383-92c3-7dd639637685","The Artificial Intelligence Bill, 2026 (senate Bills No.4 Of 2025)","","NOT_FOUND","NOT_FOUND"
"751b8322-6046-468a-85a7-04f60bac9dd2","The Supplementary Appropriation Bill, 2026","","NOT_FOUND","NOT_FOUND"
"8a742baf-0853-4596-9a9b-2a1bda51b216","The Civic Education Bill, No.4 Of 2024","","STUB","STUB_PDF_261chars"
"3626a689-e02b-488b-8b09-18a2b9698f1b","The Public Finance Management (amendment) (no.4) Bill (national Assembly Bills No. 45 Of 2024)","","STUB","STUB_PDF_64chars"
"a56259ce-5ee5-4447-a414-dafcbf7dc57a","The Public Finance Management (amendment) ( No.2) Bill ( National Assembly Bills No. 26 Of 2024)","","STUB","STUB_PDF_96chars"
"9e330f14-9311-4774-8a61-0fe94bbdf28d","The Kenya Roads ( Amendment) ( No.3) Bills, 2025","","STUB","STUB_PDF_171chars"
"4f3ee7d2-101d-4665-88e4-8cd7efe198a9","Parliamentary Pensions (amendment) Bill, 2022","","NOT_FOUND","NOT_FOUND"
"34c67cba-5aa4-432c-85f7-0054d9270a50","Petitions To Parliament (procedure)(amendment) Bill, 2022","","STUB","STUB_PDF_128chars"
"b282013f-90e1-48fe-ba71-1ab79dc0d2d0","National Transport And Safety Authority (amendment) Bill, 2022","","STUB","STUB_PDF_96chars"
"d816c3d5-1e22-465a-967a-ac864ded7f00","The National Youth Council(amendment) Bill,2023","","STUB","STUB_PDF_128chars"
"f9158863-d606-4ea5-999e-d78de623fe5c","The National Construction Authority (amendment) Bill,2022","","STUB","STUB_PDF_128chars"
"c3db83c1-f551-4e67-8cce-695de032f507","Regional Development Authorities Bill, 2023","","NOT_FOUND","NOT_FOUND"
"0a23adfb-0082-4779-812b-b721ac1a369a","Public Service (values And Principles)(amendment) Bill, 2022","","STUB","STUB_PDF_96chars"
"588fcab6-1db9-4765-a1f3-ef419a79f2db","Health (amendment) Bill, 2022","","STUB","STUB_PDF_64chars"
"1c2dfbc4-a158-4f37-8c4b-1db8e767a37e","The National Lottery Bill, 2023(1)","","NOT_FOUND","NOT_FOUND"
"5070d776-b389-41ff-b7dd-9c4c0a8b1589","The Cancer Prevention And Control (amendment) Bill , 2023","","STUB","STUB_PDF_128chars"
"559763e1-dfa3-4c0f-a2d3-17efda4dcf03","The County Allocation Of Revenue Bill, Senate Bill No. 16 Of 2023","","STUB","STUB_PDF_207chars"
"5c043a9d-dbcf-40e5-bfbf-8ef293bb8226","The Equalisation Fund Appropriation Bill, Senate Bill No. 3 Of 2023","","NOT_FOUND","NOT_FOUND"
"3488b112-ee83-43bd-a2bc-37f6149ce26a","The Parliamentary Powers And Privileges (amendment) Bill Senate Bill No. 5 Of 2022","","STUB","STUB_PDF_96chars"
"8b2f5254-2f48-4fb5-8eec-774bb0815426","The University (amendment) Bill, 2023","","STUB","STUB_PDF_128chars"
"7f696f45-e601-4651-a134-2542e5b2915e","The National Transport And Safety Authority (amendment) Bill, 2023","","STUB","STUB_PDF_128chars"
"d0c80ff0-2123-4e2d-be30-f159674c378b","The Kenya Roads (amendment) Bill ,2023","","STUB","STUB_PDF_128chars"
"73f61501-8110-4e2b-993b-f08050141c2f","The Climate Change (amendment) Bill, 2023","","NOT_FOUND","NOT_FOUND"
"fabeaaec-3758-4ea9-b707-503702f4ceb9","The Independent Electoral And Boundaries Commission (amendment) Bill, 2023 (national Assembly Bills No. 50) Of 2023","","STUB","STUB_PDF_207chars"
"338f607c-7a27-4189-8137-56f04da2b685","The Public Participation Bill, 2023 (national Assembly Bills No 52) Of 2023","","STUB","STUB_PDF_279chars"
"c51dc3da-bc88-42ee-8370-e842e434c533","Statute Law (miscellaneous Amendments)(no.2) Bill, 2023-1_0","","NOT_FOUND","NOT_FOUND"
"eb12fe46-9b5f-451e-b3f7-dc8e7d35b5e7","The Employment (amendment) Bill, 2023 (2)","","STUB","STUB_PDF_128chars"
"de9002b3-ff47-4eb8-8c6c-8b351f183f05","The Appellate Jurisdiction (amendment) Bill, 2023 (2)","","STUB","STUB_PDF_128chars"
"3756460c-5ff9-4991-a445-21a6ae79f6ac","The Independent Electoral And Boundaries Commission ( Amendment ) Bill, 2023","","STUB","STUB_PDF_171chars"
"62aefca6-9e2e-405b-abd2-539591120491","The Land Laws (amendment) Bill, 2023 (2)-1","","NOT_FOUND","NOT_FOUND"
"50459fbe-3cfe-4be1-b61b-ed9a2f313881","Health Committee Report On The Kenya Drugs Authority Bill No.54 Of 2022(1)","","NOT_FOUND","NOT_FOUND"
"776a6f6c-532e-468c-9b55-a2cd2127b56d","The Water (amendment) Bill (national Assembly Bills No. 33 Of 2023)","","NOT_FOUND","NOT_FOUND"
"b8d2df1f-79fb-4829-abb7-465c386ff208","The Social Assistance (amendment)bill, 2023","","NOT_FOUND","NOT_FOUND"
"c48e4b9d-079b-4c93-bdbd-77be746c573f","The Public Audit (amendment) Bill, 2024","","NOT_FOUND","NOT_FOUND"
"6cbfa2de-4c78-49e6-a955-1bf561d27e8c","The Social Assistance (amendment) Bill, 2023","","NOT_FOUND","NOT_FOUND"
"757e2b9c-91a0-4769-8eb8-235daa81a806","The Independent Electoral And Boundaries Commission (amendment) Bill, 2024","","NOT_FOUND","NOT_FOUND"
"5a134653-24fe-4e4c-a69b-0b03cb8c4e29","The Startup Bill Senate Bill No14 Of 2022","","NOT_FOUND","NOT_FOUND"
"bc286f32-9109-447a-88ed-35e955fc11f6","The Mung Beans Bill 2022 Senate Bill No13 Of 2023","","NOT_FOUND","NOT_FOUND"
"45f74cf1-aeb9-462f-ad4e-058ec7c944f3","The County Licensing Uniform Procedures Bill Senate Bill No9 Of 2022","Sen. (Dr.) Ochilo Ayacko","HIGH","DEEPSEEK"
"678d6c09-1643-4a8f-906a-19a69d627c9e","The Division Of Revenue Bill, 2024","","NOT_FOUND","NOT_FOUND"
"c4083367-1af5-4439-9f61-3e2b6b9a198d","Finance Bill, 2024","","NOT_FOUND","NOT_FOUND"
"b0bd52ee-2d86-45ad-af7d-fd1827e6ad1e","The Public Relations And Communication Management Bill, 2024","","NOT_FOUND","NOT_FOUND"
"55e10497-af6f-4cce-ba45-5a16e88dba4f","The Public Finance Management (amendment)(no.2) Bill ,2024","","STUB","STUB_PDF_96chars"
"132a05ca-56b8-4ec7-b93f-d1e340518d2a","The National Transport And Safety Authority (amendment) Bill, 2024","","NOT_FOUND","NOT_FOUND"
"44dd7676-6473-4275-86c6-971fdcb0ca8a","The County Boundaries Bill (senate Bill No. 6 Of 2023)","","NOT_FOUND","NOT_FOUND"
"0cf35e21-bdc5-42cd-9e15-f69c868f95de","The Agricultural Professionals Registration And Licensing Bill, 2024","","NOT_FOUND","NOT_FOUND"
"fa1caefe-cf1f-4ded-bbe9-177edb1784d3","The Assembly And Demonstration Bill,2024","","STUB","STUB_PDF_279chars"
"8443fbae-b1c2-481b-aebc-881e5dbe1cff","The County Governments Additional Allocations Bill (senate Bill No. 19 Of 2024)","","NOT_FOUND","NOT_FOUND"
"8be683d5-86a6-4172-8ea0-e60efc484abe","The Supplementary Appropriation (no. 2) Bill, 2024","","NOT_FOUND","NOT_FOUND"
"3955e6d3-5dba-49ef-895f-2a3419a4abd7","Public Procurement And Asset Disposal (amendment) Bill, 2024","","NOT_FOUND","NOT_FOUND"
"6cd4d2b1-591b-4b09-8f3c-d637df80aa2d","The Tea (amendment) Bill (senate Bill No. 1 Of 2023)","","NOT_FOUND","NOT_FOUND"
"e80e14a6-43dd-4026-aa8c-2f71da6eb7d5","Treaty Making And Ratification (amendment) (no.2) Bill, 2024","","STUB","STUB_PDF_279chars"
"857dac71-d966-4d26-9177-4d128805c03d","The Elections (amendment) (no.2) Bill (senate Bill No. 29 Of 2024)","","STUB","STUB_PDF_279chars"
"d969da56-ccdc-4409-8578-3bee6b3e27be","The Political Parties (amendment) (no.2) Bill (senate Bill No. 26 Of 2024)","","STUB","STUB_PDF_243chars"
"58b9c3c6-84fc-4f67-aece-a22199810f46","The Public Transport (motorcycle Regulation) Bill (senate Bill No. 38 Of 2023)","","NOT_FOUND","NOT_FOUND"
"c9f2cfce-0d65-48bd-9257-e078a5225471","The Constitution Of Kenya (amendment) Bill, 2025","","STUB","STUB_PDF_128chars"
"13fddab5-4c89-4354-b1ee-272594e6d236","The Energy (amendment) Bill (senate Bill No. 42 Of 2023)","","STUB","STUB_PDF_64chars"
"6cc2df27-65b9-4034-acd3-af4ce4566537","The County Public Finance Laws (amendment) Bill (senate Bill No. 39 Of 2023)","","STUB","STUB_PDF_128chars"
"6917e3b9-8cd9-4e0e-a1b0-f6607f2547ef","The Provisional Collection Of Taxes And Duties (repeal) Bill, 2025","","STUB","STUB_PDF_64chars"
"3854c733-a8ac-48e2-8465-73b8866d055d","The Public Finance Management (amendment) Bill, 2025","","STUB","STUB_PDF_128chars"
"198c17df-dbe1-4f06-9a40-9f4932e1cb15","The Kenya Information And Communications (amendment) Bill, 2025","","NOT_FOUND","NOT_FOUND"
"d53965e2-2ef1-4e8a-ab31-8c05fd0ff0f8","The County Assembly Services (amendment) Bill (senate Bill No. 34 Of 2023)","","STUB","STUB_PDF_96chars"
"981ab326-d3a6-44ec-b8be-4e740733628b","The Health(amendment) Bill,2024","","NOT_FOUND","NOT_FOUND"
"fd596d16-7a89-4047-9e02-4cc68c3b58a1","The County Governments Additional Allocations (no.2) Bill (senate Bill No. 8 Of 2025)","","NOT_FOUND","NOT_FOUND"
"7d0f2733-4b50-455b-9e68-e737595774de","The Privatization Bill, 2025 (national Assembly Bills No. 36)","","NOT_FOUND","NOT_FOUND"
"b4fa7798-c9d8-4934-b1cf-ad36891dd3b4","The Kenya Roads (amendment)(no.3) Bill, 2025.","","STUB","STUB_PDF_279chars"
"b2a72eac-6c22-407f-b6dd-ea7f8bd5030b","The Harm Reduction Bill, 2025.","","STUB","STUB_PDF_207chars"
"c8c66a92-6840-450e-872e-e65454d39528","The Kenya Judiciary Academy Bill, 2025","","NOT_FOUND","NOT_FOUND"
"a4075458-5136-4b44-ae17-aa129953e278","The Quality Healthcare And Patient Safety Bill, 2025","","NOT_FOUND","NOT_FOUND"
"ab3d375e-d4a9-488b-90dd-742ffba18ff7","The Public Service Superannuation Scheme(amendment) Bill, 2025.","","NOT_FOUND","NOT_FOUND"
"b8bc2f88-6e15-4c0c-a3e5-e41ce20a7959","The Supplementary Appropriation (no.2) Bill,2025","","NOT_FOUND","NOT_FOUND"
"63a38457-6053-4f58-abab-5baad03d31d9","The Local Content Bill (senate Bill No.50 Of 2023)","","NOT_FOUND","NOT_FOUND"
"10253244-e386-44dc-a094-fba6dc86245c","The Public Participation Bill, 2025","","STUB","STUB_PDF_207chars"
"7ae8ea47-bb03-4ef0-a2f2-3defd62b51d5","The Tribunals Bill, 2025","","NOT_FOUND","NOT_FOUND"
"f2dfc102-f26b-45c8-963e-e8b717385fa8","The National Cohesion And Intergration (amendment), 2025","","STUB","STUB_PDF_279chars"
"15c513fd-94ba-4cf9-99cd-ae67bef76ad0","The Books And Newspapers (amendment) Bill,2025","","STUB","STUB_PDF_128chars"
"35d237a9-fc9d-4a20-8e17-c5c0ff79848b","The County Governments Additional Allocations Bill, No.8 Of 2026","","OCR_REQUIRED","STUB_PDF"
"2e4e8ff1-9f96-4689-a27f-a48a961f0b48","The Medical Practitioners And Dentist (amendment) Bill,2026","","OCR_REQUIRED","STUB_PDF"
"8b213cb9-d3be-41ba-8b04-85157982e3ea","The Income Tax (amendment) Bill, 2026","","OCR_REQUIRED","STUB_PDF"
"fbbf11e4-373d-4861-a2a8-cd314d70d349","The Value Added Tax (amendment) Bill, 2026","","OCR_REQUIRED","STUB_PDF"
"0e0da6cf-5125-446b-a6b7-2c83e61781ee","The Certified Governance Secretaries Bill,2026","","OCR_REQUIRED","STUB_PDF"
"c280a6c5-589a-437a-9e51-41776e7828a4","The Criminal Procedure Code (amendment) Bill,2026","","OCR_REQUIRED","STUB_PDF"
"76681915-360f-432f-bf3c-67ddc60c03ff","The Penal Code(amendment) Bill,2026","","OCR_REQUIRED","STUB_PDF"
"0ec2521a-6db8-4c78-896b-f988373b9020","The Strategic Goods Control Bill, 2026","","OCR_REQUIRED","STUB_PDF"
"09822b1d-3ada-4fdf-9bf9-d31d730b44df","The Equalisation Fund Appropriation Bill,2025 (national Assembly Bills No.21 Of 2025)","","OCR_REQUIRED","STUB_PDF"
"ef7528e5-2a9a-4383-92c3-7dd639637685","The Artificial Intelligence Bill, 2026 (senate Bills No.4 Of 2025)","","OCR_REQUIRED","STUB_PDF"
"77c4cad2-022d-4f7d-9d81-2ed5f0143c27","The Competition (amendment) Bill, 2026","","OCR_REQUIRED","STUB_PDF"
"e68469fd-9371-4486-ba12-57aa381f4e30","The Quantity Surveyors Bill, 2026","","OCR_REQUIRED","STUB_PDF"
"751b8322-6046-468a-85a7-04f60bac9dd2","The Supplementary Appropriation Bill, 2026","","OCR_REQUIRED","STUB_PDF"
"d75d5371-0ef9-46ae-ba7c-3407497ae259","The County Governments Election Laws (amendment) Bill (senate Bill No. 2 Of 2024)","","OCR_REQUIRED","STUB_PDF"
"83d67340-bc80-4181-a597-bce4fe20138c","The Tobacco Control (amendment) Bill (senate Bill No. 35 Of 2024)","","OCR_REQUIRED","STUB_PDF"
"f34b672d-9a1b-4a68-adc5-b09ed6a6f2ea","The Labour Migration And Management (no.2) Bill (senate Bill No. 42 Of 2024)","","OCR_REQUIRED","STUB_PDF"
"7fd131d5-c1c5-4f64-8284-5b5d52853995","The Division Of Revenue Bill,2026 (national Assembly Bills No.2 Of 2026)","","OCR_REQUIRED","STUB_PDF"
"0d1aec93-552a-4ce4-8503-82e069cb9745","The Special Economic Zones (amendment) Bill, 2026","","OCR_REQUIRED","STUB_PDF"
"16765de7-3e05-4e16-8dd8-b55eabb3ba32","The Sovereign Wealth Fund Bill,2026","","OCR_REQUIRED","STUB_PDF"
"fdacc286-10d7-408d-b4e7-9dbfd34852f4","The County Library Services Bill (senate Bill No. 40 Of 2024)","","OCR_REQUIRED","STUB_PDF"
"9e85c21a-93df-4f7c-88a5-d6d0506651bb","The Sports (amendment) Bill, 2026","","OCR_REQUIRED","STUB_PDF"
"2151df62-d239-4f6c-b9cf-c2e965b84eac","The Division Of Revenue Bill, 2026","","OCR_REQUIRED","STUB_PDF"
"d96c88e0-fad5-4688-b6fc-f93e2067c250","The Mining (amendment) Bill, No.22 Of 2025","","OCR_REQUIRED","STUB_PDF"
"5f1b70ca-3c2d-4034-ba9e-35d079c57d38","The Architects Bill,2026","","OCR_REQUIRED","STUB_PDF"
"fde40e1c-8c80-4e35-b0af-deb926180c89","The Power Of Mercy Bill,2025","","OCR_REQUIRED","STUB_PDF"
"573acad5-31a8-4848-8ba7-28773dad8fa3","Order Paper For Tuesday, 24th February 2026","","STUB","STUB_PDF"
"62a39953-afd5-4bd2-a4f2-79847ef5f46c","The Public Service Internship Bill, 2022 (national Assembly Bills No.63 Of 2022)","","OCR_REQUIRED","STUB_PDF"
"bba90c0f-e743-4804-a621-26ea0ea7f9a2","The Basic Education (amendment)bill,2023 (national Assembly Bills No.59 Of 2023)","","OCR_REQUIRED","STUB_PDF"
"7afd1a68-ed79-408f-9e50-02dfefc84d0f","The Hansard - Tuesday, 17 February 2026","","OCR_REQUIRED","STUB_PDF"
"c350bbd7-0fe4-4bfc-aa3c-c0ddc8b15c80","The National Cohesion And Integration Bill, 2023","","OCR_REQUIRED","STUB_PDF"
"83d18bc9-33ce-4ff4-a07e-7d68e9a30ef9","The National Infrastructure Fund Bill,2025","","OCR_REQUIRED","STUB_PDF"
"b7cf66e0-663f-4738-9a68-dd115107c5e8","The Miscellaneous Fees And Levis (amendment) Bill,2025","","OCR_REQUIRED","STUB_PDF"
"3ab9a89c-4040-4bef-bd3a-2a41726a18a1","The Criminal Procedure Code (amendment)bill,2025","","OCR_REQUIRED","STUB_PDF"
"c49824ed-ed1b-4bf8-9755-d07915e745b6","The Registration Of Persons (amendment) Bill,2025","","OCR_REQUIRED","STUB_PDF"
"bb0e848b-4693-4a8c-92f9-7519b59a13ed","The Education Laws (amendment) Bill,2025","","OCR_REQUIRED","STUB_PDF"
"c3791fa8-977e-4a5a-88c2-4f141cf7d283","The Kenyan Citizenship And Immigration(amendment) Bill,2025","","OCR_REQUIRED","STUB_PDF"
"540390a5-7f33-462e-b220-f4cbb3324342","The Prevention Of Livestock And Produce Theft Bill (senate Bill No. 12 Of 2023)","","OCR_REQUIRED","STUB_PDF"
"74eabff8-5bfe-4f21-971d-8f1412c8c195","Affordable Housing Bill, 2023.","","OCR_REQUIRED","STUB_PDF"
"8a742baf-0853-4596-9a9b-2a1bda51b216","The Civic Education Bill, No.4 Of 2024","","OCR_REQUIRED","STUB_PDF"
"0966c765-d7d0-4072-b969-c943e178aa87","The County Oversight And Accountability Bill,no.3 Of 2024","","OCR_REQUIRED","STUB_PDF"
"e232dc00-e153-431a-8c57-3e013c96b119","Committal Of A Bill - Law Of Succession ( Amendment ) Bill, 2023","","OCR_REQUIRED","STUB_PDF"
"3626a689-e02b-488b-8b09-18a2b9698f1b","The Public Finance Management (amendment) (no.4) Bill (national Assembly Bills No. 45 Of 2024)","","OCR_REQUIRED","STUB_PDF"
"96ef0ddf-934d-4bcb-af2c-208ab611c09f","The Public Finance Management (amendment) ( No.3) Bill ( National Assembly Bills No. 44 Of 2024)","","OCR_REQUIRED","STUB_PDF"
"75f9f99e-a3af-4fe3-a356-536810e18e0d","The Division Of Revenue Bill ( National Assembly Bills No.10 Of 2025)","","OCR_REQUIRED","STUB_PDF"
"a56259ce-5ee5-4447-a414-dafcbf7dc57a","The Public Finance Management (amendment) ( No.2) Bill ( National Assembly Bills No. 26 Of 2024)","","OCR_REQUIRED","STUB_PDF"
"1f75cd55-963a-4c02-908d-6b0713d0d64e","The Kenya National Council For Population And Development Bill, (national Assembly Bill No.72 Of 2023)","","OCR_REQUIRED","STUB_PDF"
"22ad466e-4b5a-482f-a786-2cc2a3840c49","The Culture Bill, (national Assembly Bill No.12 Of 2024)","","OCR_REQUIRED","STUB_PDF"
"15816189-a05e-478c-9f52-3d3f7a5b96cf","The County Governments Additional Allocation Bill (national Assembly Bill No.2 Of 2025)","","OCR_REQUIRED","STUB_PDF"
"1cf11ed8-a915-437a-baf1-69adc1c33198","The Energy (amendment) Bill,no.11 Of 2025","","OCR_REQUIRED","STUB_PDF"
"b9b23955-4357-4ac8-a98f-fc710fe23117","The Electronic Equipment Disposal Recycling And Reuse Bill, No.5 Of 2025","","OCR_REQUIRED","STUB_PDF"
"35d237a9-fc9d-4a20-8e17-c5c0ff79848b","The County Governments Additional Allocations Bill, No.8 Of 2026","","OCR_REQUIRED","STUB_PDF"
"2e4e8ff1-9f96-4689-a27f-a48a961f0b48","The Medical Practitioners And Dentist (amendment) Bill,2026","","OCR_REQUIRED","STUB_PDF"
"8b213cb9-d3be-41ba-8b04-85157982e3ea","The Income Tax (amendment) Bill, 2026","","OCR_REQUIRED","STUB_PDF"
"fbbf11e4-373d-4861-a2a8-cd314d70d349","The Value Added Tax (amendment) Bill, 2026","","OCR_REQUIRED","STUB_PDF"
"0e0da6cf-5125-446b-a6b7-2c83e61781ee","The Certified Governance Secretaries Bill,2026","","OCR_REQUIRED","STUB_PDF"
"c280a6c5-589a-437a-9e51-41776e7828a4","The Criminal Procedure Code (amendment) Bill,2026","","OCR_REQUIRED","STUB_PDF"
"76681915-360f-432f-bf3c-67ddc60c03ff","The Penal Code(amendment) Bill,2026","","OCR_REQUIRED","STUB_PDF"
"0ec2521a-6db8-4c78-896b-f988373b9020","The Strategic Goods Control Bill, 2026","","OCR_REQUIRED","STUB_PDF"
"09822b1d-3ada-4fdf-9bf9-d31d730b44df","The Equalisation Fund Appropriation Bill,2025 (national Assembly Bills No.21 Of 2025)","","OCR_REQUIRED","STUB_PDF"
"ef7528e5-2a9a-4383-92c3-7dd639637685","The Artificial Intelligence Bill, 2026 (senate Bills No.4 Of 2025)","","OCR_REQUIRED","STUB_PDF"
"77c4cad2-022d-4f7d-9d81-2ed5f0143c27","The Competition (amendment) Bill, 2026","","OCR_REQUIRED","STUB_PDF"
"e68469fd-9371-4486-ba12-57aa381f4e30","The Quantity Surveyors Bill, 2026","","OCR_REQUIRED","STUB_PDF"
"751b8322-6046-468a-85a7-04f60bac9dd2","The Supplementary Appropriation Bill, 2026","","OCR_REQUIRED","STUB_PDF"
"d75d5371-0ef9-46ae-ba7c-3407497ae259","The County Governments Election Laws (amendment) Bill (senate Bill No. 2 Of 2024)","","OCR_REQUIRED","STUB_PDF"
"83d67340-bc80-4181-a597-bce4fe20138c","The Tobacco Control (amendment) Bill (senate Bill No. 35 Of 2024)","","OCR_REQUIRED","STUB_PDF"
"f34b672d-9a1b-4a68-adc5-b09ed6a6f2ea","The Labour Migration And Management (no.2) Bill (senate Bill No. 42 Of 2024)","","OCR_REQUIRED","STUB_PDF"
"7fd131d5-c1c5-4f64-8284-5b5d52853995","The Division Of Revenue Bill,2026 (national Assembly Bills No.2 Of 2026)","","OCR_REQUIRED","STUB_PDF"
"0d1aec93-552a-4ce4-8503-82e069cb9745","The Special Economic Zones (amendment) Bill, 2026","","OCR_REQUIRED","STUB_PDF"
"16765de7-3e05-4e16-8dd8-b55eabb3ba32","The Sovereign Wealth Fund Bill,2026","","OCR_REQUIRED","STUB_PDF"
"fdacc286-10d7-408d-b4e7-9dbfd34852f4","The County Library Services Bill (senate Bill No. 40 Of 2024)","","OCR_REQUIRED","STUB_PDF"
"9e85c21a-93df-4f7c-88a5-d6d0506651bb","The Sports (amendment) Bill, 2026","","OCR_REQUIRED","STUB_PDF"
"2151df62-d239-4f6c-b9cf-c2e965b84eac","The Division Of Revenue Bill, 2026","","OCR_REQUIRED","STUB_PDF"
"d96c88e0-fad5-4688-b6fc-f93e2067c250","The Mining (amendment) Bill, No.22 Of 2025","","OCR_REQUIRED","STUB_PDF"
"5f1b70ca-3c2d-4034-ba9e-35d079c57d38","The Architects Bill,2026","","OCR_REQUIRED","STUB_PDF"
"fde40e1c-8c80-4e35-b0af-deb926180c89","The Power Of Mercy Bill,2025","","OCR_REQUIRED","STUB_PDF"
"573acad5-31a8-4848-8ba7-28773dad8fa3","Order Paper For Tuesday, 24th February 2026","","STUB","STUB_PDF"
"62a39953-afd5-4bd2-a4f2-79847ef5f46c","The Public Service Internship Bill, 2022 (national Assembly Bills No.63 Of 2022)","","OCR_REQUIRED","STUB_PDF"
"bba90c0f-e743-4804-a621-26ea0ea7f9a2","The Basic Education (amendment)bill,2023 (national Assembly Bills No.59 Of 2023)","","OCR_REQUIRED","STUB_PDF"
"7afd1a68-ed79-408f-9e50-02dfefc84d0f","The Hansard - Tuesday, 17 February 2026","","OCR_REQUIRED","STUB_PDF"
"c350bbd7-0fe4-4bfc-aa3c-c0ddc8b15c80","The National Cohesion And Integration Bill, 2023","","OCR_REQUIRED","STUB_PDF"
"83d18bc9-33ce-4ff4-a07e-7d68e9a30ef9","The National Infrastructure Fund Bill,2025","","OCR_REQUIRED","STUB_PDF"
"b7cf66e0-663f-4738-9a68-dd115107c5e8","The Miscellaneous Fees And Levis (amendment) Bill,2025","","OCR_REQUIRED","STUB_PDF"
"3ab9a89c-4040-4bef-bd3a-2a41726a18a1","The Criminal Procedure Code (amendment)bill,2025","","OCR_REQUIRED","STUB_PDF"
"c49824ed-ed1b-4bf8-9755-d07915e745b6","The Registration Of Persons (amendment) Bill,2025","","OCR_REQUIRED","STUB_PDF"
"bb0e848b-4693-4a8c-92f9-7519b59a13ed","The Education Laws (amendment) Bill,2025","","OCR_REQUIRED","STUB_PDF"
"c3791fa8-977e-4a5a-88c2-4f141cf7d283","The Kenyan Citizenship And Immigration(amendment) Bill,2025","","OCR_REQUIRED","STUB_PDF"
"540390a5-7f33-462e-b220-f4cbb3324342","The Prevention Of Livestock And Produce Theft Bill (senate Bill No. 12 Of 2023)","","OCR_REQUIRED","STUB_PDF"
"74eabff8-5bfe-4f21-971d-8f1412c8c195","Affordable Housing Bill, 2023.","","OCR_REQUIRED","STUB_PDF"
"8a742baf-0853-4596-9a9b-2a1bda51b216","The Civic Education Bill, No.4 Of 2024","","OCR_REQUIRED","STUB_PDF"
"0966c765-d7d0-4072-b969-c943e178aa87","The County Oversight And Accountability Bill,no.3 Of 2024","","OCR_REQUIRED","STUB_PDF"
"e232dc00-e153-431a-8c57-3e013c96b119","Committal Of A Bill - Law Of Succession ( Amendment ) Bill, 2023","","OCR_REQUIRED","STUB_PDF"
"3626a689-e02b-488b-8b09-18a2b9698f1b","The Public Finance Management (amendment) (no.4) Bill (national Assembly Bills No. 45 Of 2024)","","OCR_REQUIRED","STUB_PDF"
"96ef0ddf-934d-4bcb-af2c-208ab611c09f","The Public Finance Management (amendment) ( No.3) Bill ( National Assembly Bills No. 44 Of 2024)","","OCR_REQUIRED","STUB_PDF"
"75f9f99e-a3af-4fe3-a356-536810e18e0d","The Division Of Revenue Bill ( National Assembly Bills No.10 Of 2025)","","OCR_REQUIRED","STUB_PDF"
"a56259ce-5ee5-4447-a414-dafcbf7dc57a","The Public Finance Management (amendment) ( No.2) Bill ( National Assembly Bills No. 26 Of 2024)","","OCR_REQUIRED","STUB_PDF"
"1f75cd55-963a-4c02-908d-6b0713d0d64e","The Kenya National Council For Population And Development Bill, (national Assembly Bill No.72 Of 2023)","","OCR_REQUIRED","STUB_PDF"
"22ad466e-4b5a-482f-a786-2cc2a3840c49","The Culture Bill, (national Assembly Bill No.12 Of 2024)","","OCR_REQUIRED","STUB_PDF"
"15816189-a05e-478c-9f52-3d3f7a5b96cf","The County Governments Additional Allocation Bill (national Assembly Bill No.2 Of 2025)","","OCR_REQUIRED","STUB_PDF"
"1cf11ed8-a915-437a-baf1-69adc1c33198","The Energy (amendment) Bill,no.11 Of 2025","","OCR_REQUIRED","STUB_PDF"
"b9b23955-4357-4ac8-a98f-fc710fe23117","The Electronic Equipment Disposal Recycling And Reuse Bill, No.5 Of 2025","","OCR_REQUIRED","STUB_PDF"
"35d237a9-fc9d-4a20-8e17-c5c0ff79848b","The County Governments Additional Allocations Bill, No.8 Of 2026","","OCR_REQUIRED","STUB_PDF"
"2e4e8ff1-9f96-4689-a27f-a48a961f0b48","The Medical Practitioners And Dentist (amendment) Bill,2026","","OCR_REQUIRED","STUB_PDF"
